[
  {
    "nama": "#sticker",
    "count": 6191
  },
  {
    "nama": "#kuis",
    "count": 2982
  },
  {
    "nama": "#help",
    "count": 2393
  },
  {
    "nama": "#start",
    "count": 1658
  },
  {
    "nama": "#menu",
    "count": 1178
  },
  {
    "nama": "#next",
    "count": 951
  },
  {
    "nama": "#waifu",
    "count": 913
  },
  {
    "nama": "#tiktok",
    "count": 902
  },
  {
    "nama": "#limit",
    "count": 797
  },
  {
    "nama": "#say",
    "count": 755
  },
  {
    "nama": "#meme",
    "count": 750
  },
  {
    "nama": "#pinterest",
    "count": 703
  },
  {
    "nama": "#tiktoknowm",
    "count": 665
  },
  {
    "nama": "#groupchitanda",
    "count": 574
  },
  {
    "nama": "#cecan",
    "count": 549
  },
  {
    "nama": "#ytmp3",
    "count": 547
  },
  {
    "nama": "#darkjoke",
    "count": 516
  },
  {
    "nama": "#play",
    "count": 502
  },
  {
    "nama": "#stop",
    "count": 497
  },
  {
    "nama": "#s",
    "count": 492
  },
  {
    "nama": "#ytmp4",
    "count": 477
  },
  {
    "nama": "#nyerah",
    "count": 428
  },
  {
    "nama": "#anonymous",
    "count": 416
  },
  {
    "nama": "#tebakgambar",
    "count": 392
  },
  {
    "nama": "#balance",
    "count": 350
  },
  {
    "nama": "#dashboard",
    "count": 317
  },
  {
    "nama": "#cogan",
    "count": 272
  },
  {
    "nama": "#transfer",
    "count": 263
  },
  {
    "nama": "#owner",
    "count": 239
  },
  {
    "nama": "#quotes",
    "count": 178
  },
  {
    "nama": "#instagram",
    "count": 177
  },
  {
    "nama": "#toimg",
    "count": 176
  },
  {
    "nama": "#buylimit",
    "count": 156
  },
  {
    "nama": "#grupwa",
    "count": 155
  },
  {
    "nama": "#lirik",
    "count": 131
  },
  {
    "nama": "#nowa",
    "count": 119
  },
  {
    "nama": "#topbalance",
    "count": 107
  },
  {
    "nama": "#buygamelimit",
    "count": 100
  },
  {
    "nama": "#milf",
    "count": 100
  },
  {
    "nama": "#attp",
    "count": 99
  },
  {
    "nama": "#speed",
    "count": 94
  },
  {
    "nama": "#tiktokaudio",
    "count": 88
  },
  {
    "nama": "#ytsearch",
    "count": 82
  },
  {
    "nama": "#casino",
    "count": 82
  },
  {
    "nama": "#donate",
    "count": 80
  },
  {
    "nama": "#ttp",
    "count": 79
  },
  {
    "nama": "#self",
    "count": 70
  },
  {
    "nama": "#topupmenu",
    "count": 69
  },
  {
    "nama": "#tictactoe",
    "count": 64
  },
  {
    "nama": "#lolkey",
    "count": 56
  },
  {
    "nama": "#kick",
    "count": 55
  },
  {
    "nama": "#translate",
    "count": 50
  },
  {
    "nama": "#mediafire",
    "count": 50
  },
  {
    "nama": "#igstory",
    "count": 47
  },
  {
    "nama": "#sourcecode",
    "count": 46
  },
  {
    "nama": "#join",
    "count": 43
  },
  {
    "nama": "#tovid",
    "count": 41
  },
  {
    "nama": "#daftarprem",
    "count": 41
  },
  {
    "nama": "#tomp3",
    "count": 39
  },
  {
    "nama": "#facebook",
    "count": 39
  },
  {
    "nama": "#hidetag",
    "count": 30
  },
  {
    "nama": "#sewabot",
    "count": 30
  },
  {
    "nama": "#public",
    "count": 28
  },
  {
    "nama": "#quotesanime",
    "count": 26
  },
  {
    "nama": "#getvideo",
    "count": 24
  },
  {
    "nama": "#tebak",
    "count": 24
  },
  {
    "nama": "#delete",
    "count": 23
  },
  {
    "nama": "#q",
    "count": 21
  },
  {
    "nama": "#add",
    "count": 20
  },
  {
    "nama": "#getmusic",
    "count": 20
  },
  {
    "nama": "#ping",
    "count": 18
  },
  {
    "nama": "#runtime",
    "count": 18
  },
  {
    "nama": "#linkgc",
    "count": 17
  },
  {
    "nama": "#ppcp",
    "count": 17
  },
  {
    "nama": "#del",
    "count": 16
  },
  {
    "nama": "#group",
    "count": 16
  },
  {
    "nama": "#chat",
    "count": 16
  },
  {
    "nama": "#fitnah",
    "count": 15
  },
  {
    "nama": "#neko",
    "count": 15
  },
  {
    "nama": "#listprem",
    "count": 14
  },
  {
    "nama": "#delcasino",
    "count": 12
  },
  {
    "nama": "#dym",
    "count": 12
  },
  {
    "nama": "#alquran",
    "count": 12
  },
  {
    "nama": "#premium",
    "count": 12
  },
  {
    "nama": "#keluar",
    "count": 11
  },
  {
    "nama": "#loli",
    "count": 11
  },
  {
    "nama": "#bug",
    "count": 10
  },
  {
    "nama": "#husbu",
    "count": 10
  },
  {
    "nama": "#cekpremium",
    "count": 10
  },
  {
    "nama": "#videoanime",
    "count": 9
  },
  {
    "nama": "#togif",
    "count": 9
  },
  {
    "nama": "#manga",
    "count": 9
  },
  {
    "nama": "#linkgroup",
    "count": 9
  },
  {
    "nama": "#setppbot",
    "count": 8
  },
  {
    "nama": "#mute",
    "count": 8
  },
  {
    "nama": "#promote",
    "count": 8
  },
  {
    "nama": "#bc",
    "count": 8
  },
  {
    "nama": "#toimage",
    "count": 7
  },
  {
    "nama": "#nomorhoki",
    "count": 7
  },
  {
    "nama": "#cosplay",
    "count": 7
  },
  {
    "nama": "#search",
    "count": 6
  },
  {
    "nama": "#sewa",
    "count": 6
  },
  {
    "nama": "#cekapikey",
    "count": 6
  },
  {
    "nama": "#report",
    "count": 5
  },
  {
    "nama": "#buypremium",
    "count": 5
  },
  {
    "nama": "#cocoknama",
    "count": 5
  },
  {
    "nama": "#suit",
    "count": 5
  },
  {
    "nama": "#getquotedmsg",
    "count": 5
  },
  {
    "nama": "#fakehidetag",
    "count": 5
  },
  {
    "nama": "#demote",
    "count": 5
  },
  {
    "nama": "#google",
    "count": 5
  },
  {
    "nama": "#jadibot",
    "count": 5
  },
  {
    "nama": "#removebg",
    "count": 5
  },
  {
    "nama": "#upvote",
    "count": 5
  },
  {
    "nama": "#sc",
    "count": 5
  },
  {
    "nama": "#ramaljodoh",
    "count": 4
  },
  {
    "nama": "#getmsg",
    "count": 4
  },
  {
    "nama": "#hug",
    "count": 4
  },
  {
    "nama": "#resetlimit",
    "count": 4
  },
  {
    "nama": "#listgc",
    "count": 4
  },
  {
    "nama": "#author",
    "count": 4
  },
  {
    "nama": "#ramalcinta",
    "count": 4
  },
  {
    "nama": "#setppgc",
    "count": 4
  },
  {
    "nama": "#kanna",
    "count": 4
  },
  {
    "nama": "#listpremium",
    "count": 4
  },
  {
    "nama": "#listpc",
    "count": 4
  },
  {
    "nama": "#piatu",
    "count": 4
  },
  {
    "nama": "#donasi",
    "count": 3
  },
  {
    "nama": "#artinama",
    "count": 3
  },
  {
    "nama": "#tourl",
    "count": 3
  },
  {
    "nama": "#tovideo",
    "count": 3
  },
  {
    "nama": "#listonline",
    "count": 3
  },
  {
    "nama": "#emojimix",
    "count": 3
  },
  {
    "nama": "#setnamegc",
    "count": 3
  },
  {
    "nama": "#sagiri",
    "count": 3
  },
  {
    "nama": "#sendprofile",
    "count": 3
  },
  {
    "nama": "#suitpvp",
    "count": 3
  },
  {
    "nama": "#cuddle",
    "count": 3
  },
  {
    "nama": "#script",
    "count": 2
  },
  {
    "nama": "#tagall",
    "count": 2
  },
  {
    "nama": "#artimimpi",
    "count": 2
  },
  {
    "nama": "#stickergif",
    "count": 2
  },
  {
    "nama": "#smug",
    "count": 2
  },
  {
    "nama": "#zodiak",
    "count": 2
  },
  {
    "nama": "#kill",
    "count": 2
  },
  {
    "nama": "#otakudesu",
    "count": 2
  },
  {
    "nama": "#nagahari",
    "count": 2
  },
  {
    "nama": "#ringtone",
    "count": 2
  },
  {
    "nama": "#delcmd",
    "count": 2
  },
  {
    "nama": "#listmsg",
    "count": 2
  },
  {
    "nama": "#storyanime",
    "count": 2
  },
  {
    "nama": "#revoke",
    "count": 2
  },
  {
    "nama": "#addprem",
    "count": 2
  },
  {
    "nama": "#pinterestdl",
    "count": 2
  },
  {
    "nama": "#delttc",
    "count": 2
  },
  {
    "nama": "#leave",
    "count": 2
  },
  {
    "nama": "#jodohku",
    "count": 2
  },
  {
    "nama": "#nakanomiku",
    "count": 2
  },
  {
    "nama": "#megumin",
    "count": 2
  },
  {
    "nama": "#bcgroup",
    "count": 2
  },
  {
    "nama": "#imanpikey",
    "count": 2
  },
  {
    "nama": "#joox",
    "count": 2
  },
  {
    "nama": "#setbotpp",
    "count": 1
  },
  {
    "nama": "#imanmpa",
    "count": 1
  },
  {
    "nama": "#nakanoitsuki",
    "count": 1
  },
  {
    "nama": "#wallnime",
    "count": 1
  },
  {
    "nama": "#cry",
    "count": 1
  },
  {
    "nama": "#rezeki",
    "count": 1
  },
  {
    "nama": "#shinobu",
    "count": 1
  },
  {
    "nama": "#kiss",
    "count": 1
  },
  {
    "nama": "#listcmd",
    "count": 1
  },
  {
    "nama": "#grup",
    "count": 1
  },
  {
    "nama": "#pasangan",
    "count": 1
  },
  {
    "nama": "#delttt",
    "count": 1
  },
  {
    "nama": "#ttt",
    "count": 1
  },
  {
    "nama": "#setcmd",
    "count": 1
  },
  {
    "nama": "#addmsg",
    "count": 1
  },
  {
    "nama": "#daa",
    "count": 1
  },
  {
    "nama": "#ey",
    "count": 1
  },
  {
    "nama": "#igstalk",
    "count": 1
  },
  {
    "nama": "#ceklimit",
    "count": 1
  },
  {
    "nama": "#whatmusic",
    "count": 1
  },
  {
    "nama": "#antilink",
    "count": 1
  },
  {
    "nama": "#setppgrup",
    "count": 1
  },
  {
    "nama": "..sticker",
    "count": 1
  },
  {
    "nama": "#mode",
    "count": 1
  },
  {
    "nama": "#pekerjaan",
    "count": 1
  },
  {
    "nama": "#nakanonino",
    "count": 1
  },
  {
    "nama": "#skip",
    "count": 1
  },
  {
    "nama": "#wallpaper",
    "count": 1
  },
  {
    "nama": "#vote",
    "count": 1
  },
  {
    "nama": "#juzamma",
    "count": 1
  },
  {
    "nama": "#chatinfo",
    "count": 1
  },
  {
    "nama": "#delmsg",
    "count": 1
  },
  {
    "nama": "#cekimanpikey",
    "count": 1
  },
  {
    "nama": "#nomerhoki",
    "count": 1
  },
  {
    "nama": "#creator",
    "count": 1
  },
  {
    "nama": "#gimage",
    "count": 1
  }
]