[
   {
      "id": "120363020842113241@g.us",
      "key": "Diamond Mobile Legends Bang Bang",
      "response": "Manikbot\nID\nUpdate Terbaru Harga Diamonds Mobile Legends: Bang Bang\n5 MAY · NEWS\nUpdate Terbaru Harga Diamonds Mobile Legends: Bang Bang\nHai Sahabat ManikBot!\n\nAda kabar terbaru untuk kalian penggemar permainan Mobile Legends: Bang Bang. Kami mengumumkan bahwa terdapat perubahan denominasi pada Diamond Mobile Legends: Bang Bang yang tersedia di ManikBot. Sekarang kalian bisa menikmati lebih banyak pilihan denominasi dan dengan harga yang terjangkau.\n\nBerikut harga dan denom terbaru untuk Diamonds Mobile Legends: Bang Bang :\n\n12 Diamonds =Rp. 3.500\n28 Diamonds =Rp. 8.000\n36 Diamonds = Rp. 10.000\n56 Diamonds =Rp. 16.000\n85 Diamonds =Rp. 23.000\n169 Diamonds =Rp. 46.000\n220 Diamonds=Rp. 60.000\n282 Diamonds=Rp. 80.000\n366 Diamonds=Rp. 100.000\n568 Diamonds=Rp. 150.000\n875 Diamonds=Rp. 230.000\n2010 Diamonds=Rp. 500.000\n4804 Diamonds=Rp. 1.200.000\n6004 Diamonds=Rp. 1.500.000\nBanyak kan pilihan denominasinyaa? Ayo buruan top up Diamonds Mobile Legends: Bang Bang kalian di Manikbot",
      "isImage": true,
      "image_url": "https://telegra.ph/file/ca639c39becff54e6464c.jpg"
   },
   {
      "id": "62895326131368-1605107460@g.us",
      "key": "Diamond Mobile Legends",
      "response": "3dm = 1 juta",
      "isImage": true,
      "image_url": "https://telegra.ph/file/e98f537c4e61b0b06b2b8.jpg"
   },
   {
      "id": "120363024307117433@g.us",
      "key": "Dm ML",
      "response": "1000\n2000\n3000\n4000\n5000",
      "isImage": false,
      "image_url": "-"
   },
   {
      "id": "62895326131368-1605107460@g.us",
      "key": "namaitem",
      "response": "itemnya",
      "isImage": false,
      "image_url": "-"
   },
   {
      "id": "120363042744352018@g.us",
      "key": "Anime",
      "response": "Wibu",
      "isImage": false,
      "image_url": "-"
   },
   {
      "id": "120363041018337156@g.us",
      "key": "Anu",
      "response": "Anime=japan\nKartun=indo\ncartoon=english\nPeak",
      "isImage": false,
      "image_url": "-"
   },
   {
      "id": "120363026420938827@g.us",
      "key": "Akun STUMBLE GUYS",
      "response": "Info Akun: Legendary 5, Epic: Udah Punya Semua, Harga? 10k Silahkan Chat Iman!",
      "isImage": false,
      "image_url": "-"
   },
   {
      "id": "120363026420938827@g.us",
      "key": "Jasa Jadi Bot",
      "response": "Harga JadiBot Permanent Hanya 25K ☺️",
      "isImage": false,
      "image_url": "-"
   }
]