[
  {
    "link": "/create-light-glow-sliced-text-effect-online-1068.html",
    "title": "lightglow",
    "parameters": [
      true
    ]
  },
  {
    "link": "/create-3d-retro-text-effect-online-free-1065.html",
    "title": "retro",
    "parameters": [
      true,
      true
    ]
  },
  {
    "link": "/create-christmas-candy-cane-text-effect-1056.html",
    "title": "Christmascandy",
    "parameters": [
      true
    ]
  },
  {
    "link": "/create-3d-giraffe-text-effect-online-1069.html",
    "title": "giraffe",
    "parameters": [
      true
    ]
  },
  {
    "link": "/create-text-effects-arcane-tv-series-online-1067.html",
    "title": "Arcane",
    "parameters": [
      true
    ]
  },
  {
    "link": "/free-online-country-flag-3d-text-effect-generator-1052.html",
    "title": "countryflag",
    "parameters": [
      true
    ]
  },
  {
    "link": "/create-neon-light-on-brick-wall-online-1062.html",
    "title": "neonlight",
    "parameters": [
      true
    ]
  },
  {
    "link": "/create-3d-deep-sea-metal-text-effect-online-1053.html",
    "title": "deepsea",
    "parameters": [
      true
    ]
  },
  {
    "link": "/sparkles-merry-christmas-text-effect-1054.html",
    "title": "MerryChristmas",
    "parameters": [
      true
    ]
  },
  {
    "link": "/neon-light-glitch-text-generator-online-1063.html",
    "title": "Neonglitch",
    "parameters": [
      true
    ]
  },
  {
    "link": "/color-led-display-screen-text-effect-1059.html",
    "title": "ColorLED",
    "parameters": [
      true
    ]
  },
  {
    "link": "/happy-new-year-2022-greeting-3d-card-1058.html",
    "title": "HappyNewYear",
    "parameters": [
      true
    ]
  },
  {
    "link": "/make-a-batman-logo-online-free-1066.html",
    "title": "BATMAN",
    "parameters": [
      true
    ]
  },
  {
    "link": "/3d-golden-ancient-text-effect-online-free-1060.html",
    "title": "goldenancient",
    "parameters": [
      true
    ]
  },
  {
    "link": "/create-glowing-neon-light-text-effect-online-free-1061.html",
    "title": "glowingneon",
    "parameters": [
      true
    ]
  },
  {
    "link": "/3d-christmas-text-effect-by-name-1055.html",
    "title": "christmas",
    "parameters": [
      true
    ]
  },
  {
    "link": "/christmas-tree-text-effect-online-free-1057.html",
    "title": "Christmastree",
    "parameters": [
      true
    ]
  },
  {
    "link": "/create-thor-logo-style-text-effect-online-1064.html",
    "title": "Thor",
    "parameters": [
      true,
      true
    ]
  },
  {
    "link": "/create-a-spooky-halloween-text-effect-online-1046.html",
    "title": "Halloween",
    "parameters": [
      true,
      true
    ]
  },
  {
    "link": "/3d-rainbow-color-calligraphy-text-effect-1049.html",
    "title": "rainbowcolor",
    "parameters": [
      true
    ]
  },
  {
    "link": "/create-a-cinematic-horror-text-effect-1045.html",
    "title": "cinematichorror",
    "parameters": [
      true,
      true
    ]
  },
  {
    "link": "/create-american-flag-3d-text-effect-online-1051.html",
    "title": "Americanflag",
    "parameters": [
      true
    ]
  },
  {
    "link": "/create-a-metallic-text-effect-free-online-1041.html",
    "title": "metallic",
    "parameters": [
      true
    ]
  },
  {
    "link": "/create-a-transformer-text-effect-online-1035.html",
    "title": "transformer",
    "parameters": [
      true
    ]
  },
  {
    "link": "/create-3d-water-pipe-text-effects-online-1048.html",
    "title": "waterpipe",
    "parameters": [
      true
    ]
  },
  {
    "link": "/create-blue-circuit-style-text-effect-online-1043.html",
    "title": "bluecircuit",
    "parameters": [
      true
    ]
  },
  {
    "link": "/create-berry-text-effect-online-free-1033.html",
    "title": "berry",
    "parameters": [
      true
    ]
  },
  {
    "link": "/creat-glossy-metalic-text-effect-free-online-1040.html",
    "title": "glossymetalic",
    "parameters": [
      true
    ]
  },
  {
    "link": "/create-a-captain-america-text-effect-free-online-1039.html",
    "title": "CaptainAmerica",
    "parameters": [
      true,
      true
    ]
  },
  {
    "link": "/create-halloween-skeleton-text-effect-online-1047.html",
    "title": "Halloweenskeleton",
    "parameters": [
      true
    ]
  },
  {
    "link": "/video-game-classic-8-bit-text-effect-1037.html",
    "title": "Videogameclassic",
    "parameters": [
      true,
      true
    ]
  },
  {
    "link": "/create-green-horror-style-text-effect-online-1036.html",
    "title": "greenhorror",
    "parameters": [
      true
    ]
  },
  {
    "link": "/create-space-text-effects-online-free-1042.html",
    "title": "space",
    "parameters": [
      true
    ]
  },
  {
    "link": "/create-a-sketch-text-effect-online-1044.html",
    "title": "sketch",
    "parameters": [
      true
    ]
  },
  {
    "link": "/online-thunder-text-effect-generator-1031.html",
    "title": "thunder",
    "parameters": [
      true
    ]
  },
  {
    "link": "/create-3d-sci-fi-text-effect-online-1050.html",
    "title": "sci-fi",
    "parameters": [
      true
    ]
  },
  {
    "link": "/create-layered-text-effects-online-free-1032.html",
    "title": "layered",
    "parameters": [
      true,
      true
    ]
  },
  {
    "link": "/create-art-paper-cut-text-effect-online-1022.html",
    "title": "artpapercut",
    "parameters": [
      true
    ]
  },
  {
    "link": "/create-embossed-text-effect-on-cracked-surface-1024.html",
    "title": "embossed",
    "parameters": [
      true
    ]
  },
  {
    "link": "/create-3d-neon-light-text-effect-online-1028.html",
    "title": "neonlight",
    "parameters": [
      true
    ]
  },
  {
    "link": "/broken-glass-text-effect-free-online-1023.html",
    "title": "Brokenglass",
    "parameters": [
      true
    ]
  },
  {
    "link": "/online-3d-gradient-text-effect-generator-1020.html",
    "title": "gradient",
    "parameters": [
      true
    ]
  },
  {
    "link": "/write-text-on-foggy-window-online-free-1015.html",
    "title": "foggywindow",
    "parameters": [
      true
    ]
  },
  {
    "link": "/create-harry-potter-text-effect-online-1025.html",
    "title": "HarryPotter",
    "parameters": [
      true
    ]
  },
  {
    "link": "/online-multicolor-3d-paper-cut-text-effect-1016.html",
    "title": "papercut",
    "parameters": [
      true
    ]
  },
  {
    "link": "/create-impressive-glitch-text-effects-online-1027.html",
    "title": "impressiveglitch",
    "parameters": [
      true
    ]
  },
  {
    "link": "/create-a-3d-glossy-metal-text-effect-1019.html",
    "title": "glossymetal",
    "parameters": [
      true
    ]
  },
  {
    "link": "/create-science-fiction-text-effect-online-free-1038.html",
    "title": "sciencefiction",
    "parameters": [
      true
    ]
  },
  {
    "link": "/create-a-glitch-text-effect-online-free-1026.html",
    "title": "glitch",
    "parameters": [
      true,
      true
    ]
  },
  {
    "link": "/create-a-free-online-watercolor-text-effect-1017.html",
    "title": "watercolor",
    "parameters": [
      true
    ]
  },
  {
    "link": "/create-a-cool-graffiti-text-on-the-wall-1010.html",
    "title": "graffiti",
    "parameters": [
      true,
      true
    ]
  },
  {
    "link": "/3d-underwater-text-effect-generator-online-1013.html",
    "title": "underwater",
    "parameters": [
      true
    ]
  },
  {
    "link": "/create-cool-wall-graffiti-text-effect-online-1009.html",
    "title": "coolwallgraffiti",
    "parameters": [
      true,
      true
    ]
  },
  {
    "link": "/create-a-cloud-text-effect-on-the-sky-online-1004.html",
    "title": "cloud",
    "parameters": [
      true
    ]
  },
  {
    "link": "/write-in-sand-summer-beach-free-online-991.html",
    "title": "SandSummerBeach",
    "parameters": [
      true
    ]
  },
  {
    "link": "/create-neon-devil-wings-text-effect-online-free-1014.html",
    "title": "neondevil",
    "parameters": [
      true
    ]
  },
  {
    "link": "/online-black-and-white-bear-mascot-logo-creation-1012.html",
    "title": "bearmascot",
    "parameters": [
      true
    ]
  },
  {
    "link": "/create-a-magma-hot-text-effect-online-1030.html",
    "title": "magmahot",
    "parameters": [
      true
    ]
  },
  {
    "link": "/3d-stone-cracked-cool-text-effect-1029.html",
    "title": "stonecracked",
    "parameters": [
      true
    ]
  },
  {
    "link": "/create-wonderful-graffiti-art-text-effect-1011.html",
    "title": "graffitiart",
    "parameters": [
      true
    ]
  },
  {
    "link": "/create-3d-realistic-text-effect-on-the-beach-online-1018.html",
    "title": "realisticbeach",
    "parameters": [
      true
    ]
  },
  {
    "link": "/create-realistic-vintage-style-light-bulb-1000.html",
    "title": "realisticvintage",
    "parameters": [
      true,
      true
    ]
  },
  {
    "link": "/create-snow-text-effects-for-winter-holidays-1005.html",
    "title": "snow",
    "parameters": [
      true
    ]
  },
  {
    "link": "/create-blackpink-logo-style-online-1001.html",
    "title": "Blackpink",
    "parameters": [
      true
    ]
  },
  {
    "link": "/3d-gradient-text-effect-online-free-1002.html",
    "title": "gradient",
    "parameters": [
      true
    ]
  },
  {
    "link": "/create-realistic-cloud-text-effect-online-free-999.html",
    "title": "realisticcloud",
    "parameters": [
      true
    ]
  },
  {
    "link": "/3d-luxury-gold-text-effect-online-1003.html",
    "title": "luxurygold",
    "parameters": [
      true
    ]
  },
  {
    "link": "/create-a-cloud-text-effect-in-the-sky-online-997.html",
    "title": "cloud",
    "parameters": [
      true
    ]
  },
  {
    "link": "/sand-writing-text-effect-online-990.html",
    "title": "SandWriting",
    "parameters": [
      true
    ]
  },
  {
    "link": "/create-a-futuristic-technology-neon-light-text-effect-1006.html",
    "title": "neon",
    "parameters": [
      true
    ]
  },
  {
    "link": "/create-a-christmas-holiday-snow-text-effect-1007.html",
    "title": "christmasholiday",
    "parameters": [
      true
    ]
  },
  {
    "link": "/create-glitch-text-effect-style-tik-tok-983.html",
    "title": "GlitchTikTok",
    "parameters": [
      true,
      true
    ]
  },
  {
    "link": "/metal-dark-gold-text-effect-984.html",
    "title": "MetalDarkGold",
    "parameters": [
      true
    ]
  },
  {
    "link": "/create-space-3d-text-effect-online-985.html",
    "title": "space",
    "parameters": [
      true,
      true
    ]
  },
  {
    "link": "/pornhub-style-logo-online-generator-free-977.html",
    "title": "Pornhub",
    "parameters": [
      true,
      true
    ]
  },
  {
    "link": "/create-3d-glue-text-effect-with-realistic-style-986.html",
    "title": "glue",
    "parameters": [
      true
    ]
  },
  {
    "link": "/create-a-summery-sand-writing-text-effect-988.html",
    "title": "summerysandwriting",
    "parameters": [
      true
    ]
  },
  {
    "link": "/neon-light-text-effect-with-galaxy-style-981.html",
    "title": "NeonGalaxy",
    "parameters": [
      true
    ]
  },
  {
    "link": "/holographic-3d-text-effect-975.html",
    "title": "Holographic",
    "parameters": [
      true
    ]
  },
  {
    "link": "/create-a-stone-text-effect-online-982.html",
    "title": "Stone",
    "parameters": [
      true,
      true
    ]
  },
  {
    "link": "/80-s-retro-neon-text-effect-online-979.html",
    "title": "RetroNeon",
    "parameters": [
      true,
      true,
      true
    ]
  },
  {
    "link": "/foil-balloon-text-effect-for-birthday-987.html",
    "title": "FoilBalloon",
    "parameters": [
      true
    ]
  },
  {
    "link": "/create-logo-style-marvel-studios-ver-metal-972.html",
    "title": "Marvelstudios",
    "parameters": [
      true,
      true
    ]
  },
  {
    "link": "/1917-style-text-effect-online-980.html",
    "title": "1917",
    "parameters": [
      true
    ]
  },
  {
    "link": "/double-exposure-text-effect-black-white-976.html",
    "title": "DoubleExposure",
    "parameters": [
      true
    ]
  },
  {
    "link": "/sand-engraved-3d-text-effect-989.html",
    "title": "Sandengraved",
    "parameters": [
      true
    ]
  },
  {
    "link": "/create-3d-avengers-logo-online-974.html",
    "title": "Avengers",
    "parameters": [
      true,
      true
    ]
  },
  {
    "link": "/minion-text-effect-3d-online-978.html",
    "title": "Minion",
    "parameters": [
      true
    ]
  },
  {
    "link": "/glossy-carbon-text-effect-965.html",
    "title": "GlossyCarbon",
    "parameters": [
      true
    ]
  },
  {
    "link": "/metal-purple-dual-effect-973.html",
    "title": "MetalPurple",
    "parameters": [
      true
    ]
  },
  {
    "link": "/deluxe-silver-text-effect-970.html",
    "title": "DeluxeSilver",
    "parameters": [
      true
    ]
  },
  {
    "link": "/color-full-luxury-metal-text-effect-969.html",
    "title": "LuxuryMetal",
    "parameters": [
      true
    ]
  },
  {
    "link": "/create-logo-style-marvel-studios-online-971.html",
    "title": "Marvelstudios",
    "parameters": [
      true,
      true
    ]
  },
  {
    "link": "/new-year-cards-3d-by-name-960.html",
    "title": "NewYearCards",
    "parameters": [
      true
    ]
  },
  {
    "link": "/happ-new-year-card-firework-gif-959.html",
    "title": "Happnewyearcardfirework",
    "parameters": [
      true
    ]
  },
  {
    "link": "/glossy-blue-metal-text-effect-967.html",
    "title": "BlueMetal",
    "parameters": [
      true
    ]
  },
  {
    "link": "/fabric-text-effect-online-964.html",
    "title": "Fabric",
    "parameters": [
      true
    ]
  },
  {
    "link": "/create-avatar-gold-online-956.html",
    "title": "avatargold",
    "parameters": [
      true
    ]
  },
  {
    "link": "/fullcolor-balloon-text-effect-958.html",
    "title": "FullcolorBalloon",
    "parameters": [
      true
    ]
  },
  {
    "link": "/deluxe-gold-text-effect-966.html",
    "title": "DeluxeGold",
    "parameters": [
      true
    ]
  },
  {
    "link": "/text-logo-3d-metal-galaxy-943.html",
    "title": "MetalGalaxy",
    "parameters": [
      true,
      true
    ]
  },
  {
    "link": "/create-text-logo-3d-metal-online-957.html",
    "title": "3DMetal",
    "parameters": [
      true,
      true
    ]
  },
  {
    "link": "/text-logo-3d-metal-silver-946.html",
    "title": "3DMetalSilver",
    "parameters": [
      true,
      true
    ]
  },
  {
    "link": "/text-logo-3d-metal-rose-gold-945.html",
    "title": "3DMetalRoseGold",
    "parameters": [
      true,
      true
    ]
  },
  {
    "link": "/neon-text-effect-online-963.html",
    "title": "NeonEffect",
    "parameters": [
      true
    ]
  },
  {
    "link": "/xmas-cards-3d-online-942.html",
    "title": "XmasCards",
    "parameters": [
      true
    ]
  },
  {
    "link": "/halloween-fire-text-effect-940.html",
    "title": "HalloweenFire",
    "parameters": [
      true
    ]
  },
  {
    "link": "/create-logo-joker-online-934.html",
    "title": "Joker",
    "parameters": [
      true
    ]
  },
  {
    "link": "/metal-dark-gold-text-effect-online-939.html",
    "title": "MetalDarkGold",
    "parameters": [
      true
    ]
  },
  {
    "link": "/create-wolf-logo-galaxy-online-936.html",
    "title": "WolfLogoGalaxy",
    "parameters": [
      true,
      true
    ]
  },
  {
    "link": "/create-ninja-logo-online-935.html",
    "title": "NinjaLogo",
    "parameters": [
      true,
      true
    ]
  },
  {
    "link": "/green-foil-balloon-text-effect-925.html",
    "title": "GreenFoilBalloon",
    "parameters": [
      true
    ]
  },
  {
    "link": "/skeleton-text-effect-online-929.html",
    "title": "Skeleton",
    "parameters": [
      true
    ]
  },
  {
    "link": "/natural-leaves-text-effect-931.html",
    "title": "NaturalLeaves",
    "parameters": [
      true
    ]
  },
  {
    "link": "/wicker-text-effect-online-932.html",
    "title": "Wicker",
    "parameters": [
      true
    ]
  },
  {
    "link": "/cyan-foil-balloon-text-effect-924.html",
    "title": "CyanFoilBalloon",
    "parameters": [
      true
    ]
  },
  {
    "link": "/blood-text-on-the-frosted-glass-941.html",
    "title": "BloodGlass",
    "parameters": [
      true
    ]
  },
  {
    "link": "/purple-foil-balloon-text-effect-927.html",
    "title": "PurpleFoilBalloon",
    "parameters": [
      true
    ]
  },
  {
    "link": "/create-wolf-logo-black-white-937.html",
    "title": "WolfLogoBlackWhite",
    "parameters": [
      true,
      true
    ]
  },
  {
    "link": "/text-logo-3d-metal-gold-944.html",
    "title": "3DMetalGold",
    "parameters": [
      true,
      true
    ]
  },
  {
    "link": "/pink-foil-balloon-text-effect-926.html",
    "title": "PinkFoilBalloon",
    "parameters": [
      true
    ]
  },
  {
    "link": "/blue-foil-balloon-text-effect-923.html",
    "title": "BlueFoilBalloon",
    "parameters": [
      true
    ]
  },
  {
    "link": "/create-lion-logo-mascot-online-938.html",
    "title": "LionMascot",
    "parameters": [
      true,
      true
    ]
  },
  {
    "link": "/red-foil-balloon-text-effect-928.html",
    "title": "RedFoilBalloon",
    "parameters": [
      true
    ]
  },
  {
    "link": "/firework-sparkle-text-effect-930.html",
    "title": "FireworkSparkle",
    "parameters": [
      true
    ]
  },
  {
    "link": "/denim-text-effect-online-919.html",
    "title": "Denim",
    "parameters": [
      true
    ]
  },
  {
    "link": "/rock-text-effect-online-915.html",
    "title": "Rock",
    "parameters": [
      true
    ]
  },
  {
    "link": "/steel-text-effect-online-921.html",
    "title": "Steel",
    "parameters": [
      true
    ]
  },
  {
    "link": "/peridot-stone-text-effect-916.html",
    "title": "PeridotStone",
    "parameters": [
      true
    ]
  },
  {
    "link": "/blue-glass-text-effect-908.html",
    "title": "BlueGlass",
    "parameters": [
      true
    ]
  },
  {
    "link": "/lava-text-effect-online-914.html",
    "title": "Lava",
    "parameters": [
      true
    ]
  },
  {
    "link": "/yellow-glass-text-effect-913.html",
    "title": "YellowGlass",
    "parameters": [
      true
    ]
  },
  {
    "link": "/ultra-gloss-text-effect-online-920.html",
    "title": "UltraGloss",
    "parameters": [
      true
    ]
  },
  {
    "link": "/green-glass-text-effect-910.html",
    "title": "GreenGlass",
    "parameters": [
      true
    ]
  },
  {
    "link": "/decorate-green-text-effect-918.html",
    "title": "DecorateGreen",
    "parameters": [
      true
    ]
  },
  {
    "link": "/orange-glass-text-effect-911.html",
    "title": "OrangeGlass",
    "parameters": [
      true
    ]
  },
  {
    "link": "/decorate-purple-text-effect-917.html",
    "title": "DecoratePurple",
    "parameters": [
      true
    ]
  },
  {
    "link": "/purple-shiny-glass-text-effect-906.html",
    "title": "PurpleShiny",
    "parameters": [
      true
    ]
  },
  {
    "link": "/purple-glass-text-effect-912.html",
    "title": "PurpleGlass",
    "parameters": [
      true
    ]
  },
  {
    "link": "/cyan-glass-text-effect-909.html",
    "title": "CyanGlass",
    "parameters": [
      true
    ]
  },
  {
    "link": "/gold-foil-balloon-text-effect-922.html",
    "title": "GoldFoilBalloon",
    "parameters": [
      true
    ]
  },
  {
    "link": "/red-glass-text-effect-907.html",
    "title": "RedGlass",
    "parameters": [
      true
    ]
  },
  {
    "link": "/captain-america-text-effect-905.html",
    "title": "CaptainAmerica",
    "parameters": [
      true
    ]
  },
  {
    "link": "/rainbow-equalizer-text-effect-902.html",
    "title": "RainbowEqualizer",
    "parameters": [
      true
    ]
  },
  {
    "link": "/purple-glass-text-effect-online-892.html",
    "title": "PurpleGlass",
    "parameters": [
      true
    ]
  },
  {
    "link": "/bread-text-effect-online-887.html",
    "title": "Bread",
    "parameters": [
      true
    ]
  },
  {
    "link": "/pink-sparkling-jewelry-text-effect-899.html",
    "title": "PinkSparklingJewelry",
    "parameters": [
      true
    ]
  },
  {
    "link": "/matrix-style-text-effect-online-884.html",
    "title": "Matrix",
    "parameters": [
      true
    ]
  },
  {
    "link": "/koi-fish-text-effect-online-888.html",
    "title": "KoiFish",
    "parameters": [
      true
    ]
  },
  {
    "link": "/gold-sparkling-jewelry-text-effect-895.html",
    "title": "GoldSparklingJewelry",
    "parameters": [
      true
    ]
  },
  {
    "link": "/robot-r2-d2-text-effect-903.html",
    "title": "RobotR2D2",
    "parameters": [
      true
    ]
  },
  {
    "link": "/strawberry-text-effect-online-889.html",
    "title": "Strawberry",
    "parameters": [
      true
    ]
  },
  {
    "link": "/blue-sparkling-jewelry-text-effect-898.html",
    "title": "BlueSparklingJewelry",
    "parameters": [
      true
    ]
  },
  {
    "link": "/purple-sparkling-jewelry-text-effect-896.html",
    "title": "PurpleSparklingJewelry",
    "parameters": [
      true
    ]
  },
  {
    "link": "/cyan-sparkling-jewelry-text-effect-893.html",
    "title": "CyanSparklingJewelry",
    "parameters": [
      true
    ]
  },
  {
    "link": "/toxic-text-effect-online-901.html",
    "title": "Toxic",
    "parameters": [
      true
    ]
  },
  {
    "link": "/green-sparkling-jewelry-text-effect-897.html",
    "title": "GreenSparklingJewelry",
    "parameters": [
      true
    ]
  },
  {
    "link": "/decorative-glass-text-effect-891.html",
    "title": "DecorativeGlass",
    "parameters": [
      true
    ]
  },
  {
    "link": "/horror-blood-text-effect-online-883.html",
    "title": "HorrorBlood",
    "parameters": [
      true
    ]
  },
  {
    "link": "/chocolate-cake-text-effect-890.html",
    "title": "ChocolateCake",
    "parameters": [
      true
    ]
  },
  {
    "link": "/red-sparkling-jewelry-text-effect-894.html",
    "title": "RedSparklingJewelry",
    "parameters": [
      true
    ]
  },
  {
    "link": "/3d-steel-text-effect-877.html",
    "title": "3DSteel",
    "parameters": [
      true,
      true
    ]
  },
  {
    "link": "/chrismast-gift-text-effect-869.html",
    "title": "ChrismastGift",
    "parameters": [
      true
    ]
  },
  {
    "link": "/create-thunder-text-effect-online-881.html",
    "title": "Thunder",
    "parameters": [
      true
    ]
  },
  {
    "link": "/free-advanced-glow-text-effect-873.html",
    "title": "FreeAdvancedGlow",
    "parameters": [
      true
    ]
  },
  {
    "link": "/honey-text-effect-868.html",
    "title": "Honey",
    "parameters": [
      true
    ]
  },
  {
    "link": "/green-neon-text-effect-874.html",
    "title": "GreenNeon",
    "parameters": [
      true
    ]
  },
  {
    "link": "/dropwater-text-effect-872.html",
    "title": "Dropwater",
    "parameters": [
      true
    ]
  },
  {
    "link": "/marble-text-effect-863.html",
    "title": "Marble",
    "parameters": [
      true
    ]
  },
  {
    "link": "/3d-box-text-effect-online-880.html",
    "title": "3DBox",
    "parameters": [
      true
    ]
  },
  {
    "link": "/road-warning-text-effect-878.html",
    "title": "RoadWarning",
    "parameters": [
      true
    ]
  },
  {
    "link": "/neon-text-effect-online-879.html",
    "title": "NeonTextEffect",
    "parameters": [
      true
    ]
  },
  {
    "link": "/ice-cold-text-effect-862.html",
    "title": "Ice Cold",
    "parameters": [
      true
    ]
  },
  {
    "link": "/bokeh-text-effect-876.html",
    "title": "Bokeh",
    "parameters": [
      true
    ]
  },
  {
    "link": "/marble-slabs-text-effect-864.html",
    "title": "MarbleSlabs",
    "parameters": [
      true
    ]
  },
  {
    "link": "/neon-light-text-effect-online-882.html",
    "title": "NeonLight",
    "parameters": [
      true
    ]
  },
  {
    "link": "/break-wall-text-effect-871.html",
    "title": "BreakWall",
    "parameters": [
      true
    ]
  },
  {
    "link": "/horror-gift-text-effect-866.html",
    "title": "HorrorGift",
    "parameters": [
      true
    ]
  },
  {
    "link": "/plastic-bag-drug-text-effect-867.html",
    "title": "PlasticBagDrug",
    "parameters": [
      true
    ]
  },
  {
    "link": "/sci-fi-text-effect-855.html",
    "title": "SCI-Fi",
    "parameters": [
      true
    ]
  },
  {
    "link": "/wood-text-effect-856.html",
    "title": "Wood",
    "parameters": [
      true
    ]
  },
  {
    "link": "/fruit-juice-text-effect-861.html",
    "title": "FruitJuice",
    "parameters": [
      true
    ]
  },
  {
    "link": "/blue-jewelry-text-effect-844.html",
    "title": "BlueJewelry",
    "parameters": [
      true
    ]
  },
  {
    "link": "/purple-gem-text-effect-853.html",
    "title": "PurpleGem",
    "parameters": [
      true
    ]
  },
  {
    "link": "/orange-jewelry-text-effect-847.html",
    "title": "OrangeJewelry",
    "parameters": [
      true
    ]
  },
  {
    "link": "/rusty-metal-text-effect-860.html",
    "title": "RustyMetal",
    "parameters": [
      true
    ]
  },
  {
    "link": "/yellow-jewelry-text-effect-851.html",
    "title": "YellowJewelry",
    "parameters": [
      true
    ]
  },
  {
    "link": "/metal-rainbow-text-effect-854.html",
    "title": "MetalRainbow",
    "parameters": [
      true
    ]
  },
  {
    "link": "/red-jewelry-text-effect-849.html",
    "title": "RedJewelry",
    "parameters": [
      true
    ]
  },
  {
    "link": "/bagel-text-effect-857.html",
    "title": "Bagel",
    "parameters": [
      true
    ]
  },
  {
    "link": "/cyan-jewelry-text-effect-845.html",
    "title": "CyanJewelry",
    "parameters": [
      true
    ]
  },
  {
    "link": "/abstra-gold-text-effect-859.html",
    "title": "AbstraGold",
    "parameters": [
      true
    ]
  },
  {
    "link": "/purple-jewelry-text-effect-848.html",
    "title": "PurpleJewelry",
    "parameters": [
      true
    ]
  },
  {
    "link": "/silver-jewelry-text-effect-850.html",
    "title": "SilverJewelry",
    "parameters": [
      true
    ]
  },
  {
    "link": "/biscuit-text-effect-858.html",
    "title": "Biscuit",
    "parameters": [
      true
    ]
  },
  {
    "link": "/green-jewelry-text-effect-846.html",
    "title": "GreenJewelry",
    "parameters": [
      true
    ]
  }
]